,partNum,OrgNum,QuestionNum,Dummy
partNum,1.0,0.9747990071549792,0.7035967018638616,0.8563858074507573
OrgNum,0.9747990071549792,1.0,0.7264742110823127,0.8958299218564614
QuestionNum,0.7035967018638616,0.7264742110823127,1.0,0.7704065094954393
Dummy,0.8563858074507573,0.8958299218564614,0.7704065094954393,1.0
